chr	Sample	position	Genotype
chromosome_1	sample103_shat	9161755	-1.0
chromosome_1	sample103_shat	9266292	-0.5
chromosome_1	sample103_shat	9277631	0.0
chromosome_1	sample103_shat	155450769	0.0
chromosome_1	sample103_shat	155451126	-0.5
chromosome_1	sample103_shat	155451487	-1.0
chromosome_1	sample105_shat	449920	0.0
chromosome_1	sample105_shat	463913	0.5
chromosome_1	sample105_shat	469215	1.0
chromosome_1	sample105_shat	130319705	1.0
chromosome_1	sample105_shat	130325632	0.5
chromosome_1	sample105_shat	130325644	0.0
chromosome_1	sample107_shat	157088120	0.0
chromosome_1	sample107_shat	157110262	0.5
chromosome_1	sample107_shat	157110266	1.0
chromosome_1	sample115_shat	64294371	1.0
chromosome_1	sample115_shat	64294780	0.5
chromosome_1	sample115_shat	64295901	0.0
chromosome_1	sample115_shat	147814035	0.0
chromosome_1	sample115_shat	147853127	0.5
chromosome_1	sample115_shat	147853915	1.0
chromosome_1	sample115_shat	155924018	1.0
chromosome_1	sample115_shat	155934365	0.5
chromosome_1	sample115_shat	155935995	0.0
chromosome_1	sample115_shat	155947277	0.0
chromosome_1	sample115_shat	155954572	0.5
chromosome_1	sample115_shat	155960228	1.0
chromosome_1	sample126_shat	9467088	0.0
chromosome_1	sample126_shat	9480017	0.5
chromosome_1	sample126_shat	9542072	1.0
chromosome_1	sample127_shat	24660480	-1.0
chromosome_1	sample127_shat	24665106	-0.5
chromosome_1	sample127_shat	24665189	0.0
chromosome_1	sample127_shat	156414313	0.0
chromosome_1	sample127_shat	156418851	0.5
chromosome_1	sample127_shat	156418879	1.0
chromosome_1	sample131_shat	143294232	0.0
chromosome_1	sample131_shat	143294514	0.5
chromosome_1	sample131_shat	143294753	1.0
chromosome_1	sample131_shat	155924018	1.0
chromosome_1	sample131_shat	155934365	0.5
chromosome_1	sample131_shat	155935995	0.0
chromosome_1	sample131_shat	155947277	0.0
chromosome_1	sample131_shat	155954572	0.5
chromosome_1	sample131_shat	155960228	1.0
chromosome_1	sample156_shat	9542079	0.0
chromosome_1	sample156_shat	9595147	0.5
chromosome_1	sample156_shat	9595198	1.0
chromosome_1	sample156_shat	116842030	1.0
chromosome_1	sample156_shat	116843743	0.5
chromosome_1	sample156_shat	116844286	0.0
chromosome_1	sample156_shat	155990370	0.0
chromosome_1	sample156_shat	155999438	-0.5
chromosome_1	sample156_shat	155999668	-1.0
chromosome_1	sample16_shat	3441146	1.0
chromosome_1	sample16_shat	3469750	0.5
chromosome_1	sample16_shat	3473538	0.0
chromosome_1	sample16_shat	156016873	0.0
chromosome_1	sample16_shat	156026293	-0.5
chromosome_1	sample16_shat	156026299	-1.0
chromosome_1	sample16_shat	156390975	-1.0
chromosome_1	sample16_shat	156391528	-0.5
chromosome_1	sample16_shat	156391540	0.0
chromosome_1	sample192_shat	24665216	0.0
chromosome_1	sample192_shat	24665308	-0.5
chromosome_1	sample192_shat	24665315	-1.0
chromosome_1	sample192_shat	133488777	-1.0
chromosome_1	sample192_shat	133534617	-0.5
chromosome_1	sample192_shat	133535086	0.0
chromosome_1	sample192_shat	155990370	0.0
chromosome_1	sample192_shat	155999438	0.5
chromosome_1	sample192_shat	155999668	1.0
chromosome_1	sample197_shat	156517758	1.0
chromosome_1	sample197_shat	156520611	0.5
chromosome_1	sample197_shat	156520612	0.0
chromosome_1	sample197_shat	156883691	0.0
chromosome_1	sample197_shat	156887270	-0.5
chromosome_1	sample197_shat	156887273	-1.0
chromosome_1	sample1_shat	11380328	-1.0
chromosome_1	sample1_shat	11403483	-0.5
chromosome_1	sample1_shat	11403661	0.0
chromosome_1	sample1_shat	142985720	0.0
chromosome_1	sample1_shat	142985960	-0.5
chromosome_1	sample1_shat	142986032	-1.0
chromosome_1	sample1_shat	154609316	-1.0
chromosome_1	sample1_shat	154619951	-0.5
chromosome_1	sample1_shat	154621074	0.0
chromosome_1	sample46_shat	10019504	-1.0
chromosome_1	sample46_shat	10031145	-0.5
chromosome_1	sample46_shat	10197036	0.0
chromosome_1	sample46_shat	16987718	0.0
chromosome_1	sample46_shat	17033169	0.5
chromosome_1	sample46_shat	17033586	1.0
chromosome_1	sample46_shat	155924018	1.0
chromosome_1	sample46_shat	155934365	0.5
chromosome_1	sample46_shat	155935995	0.0
chromosome_1	sample46_shat	155947277	0.0
chromosome_1	sample46_shat	155954572	0.5
chromosome_1	sample46_shat	155960228	1.0
chromosome_1	sample97_shat	1949570	0.0
chromosome_1	sample97_shat	1953467	0.5
chromosome_1	sample97_shat	1953603	1.0
chromosome_1	sample97_shat	155742036	1.0
chromosome_1	sample97_shat	155746325	0.5
chromosome_1	sample97_shat	155746539	0.0
chromosome_1	sample97_shat	156944848	0.0
chromosome_1	sample97_shat	156980117	-0.5
chromosome_1	sample97_shat	156980585	-1.0
chromosome_1	sampleMS114_shat	2021358	-1.0
chromosome_1	sampleMS114_shat	2037902	-0.5
chromosome_1	sampleMS114_shat	2104687	0.0
chromosome_1	sampleMS114_shat	154715494	0.0
chromosome_1	sampleMS114_shat	154722687	-0.5
chromosome_1	sampleMS114_shat	154723159	-1.0
chromosome_1	sampleMS143_shat	762238	1.0
chromosome_1	sampleMS143_shat	762257	0.5
chromosome_1	sampleMS143_shat	762504	0.0
chromosome_1	sampleMS143_shat	32706751	0.0
chromosome_1	sampleMS143_shat	32707539	-0.5
chromosome_1	sampleMS143_shat	32707724	-1.0
chromosome_1	sampleMS143_shat	156016873	-1.0
chromosome_1	sampleMS143_shat	156026293	-0.5
chromosome_1	sampleMS143_shat	156026299	0.0
chromosome_1	sampleMS14_shat	445304	0.0
chromosome_1	sampleMS14_shat	449416	-0.5
chromosome_1	sampleMS14_shat	449439	-1.0
chromosome_1	sampleMS14_shat	156653027	-1.0
chromosome_1	sampleMS14_shat	156655202	-0.5
chromosome_1	sampleMS14_shat	156661403	0.0
chromosome_1	sampleMS160_shat	156030473	0.0
chromosome_1	sampleMS160_shat	156043504	0.5
chromosome_1	sampleMS160_shat	156043561	1.0
chromosome_1	sampleMS172_shat	154260295	0.0
chromosome_1	sampleMS172_shat	154262559	0.5
chromosome_1	sampleMS172_shat	154262607	1.0
chromosome_1	sampleMS24_shat	1737994	1.0
chromosome_1	sampleMS24_shat	1738440	0.5
chromosome_1	sampleMS24_shat	1825824	0.0
chromosome_1	sampleMS24_shat	18771641	0.0
chromosome_1	sampleMS24_shat	18778019	-0.5
chromosome_1	sampleMS24_shat	18778142	-1.0
chromosome_1	sampleMS263_shat	129308977	-1.0
chromosome_1	sampleMS263_shat	129309063	-0.5
chromosome_1	sampleMS263_shat	129309149	0.0
chromosome_1	sampleMS263_shat	157782267	0.0
chromosome_1	sampleMS263_shat	157793546	0.5
chromosome_1	sampleMS263_shat	157793629	1.0
chromosome_1	sampleMS273_shat	7780276	0.0
chromosome_1	sampleMS273_shat	7783372	-0.5
chromosome_1	sampleMS273_shat	7783383	-1.0
chromosome_1	sampleMS273_shat	143709988	-1.0
chromosome_1	sampleMS273_shat	143710386	-0.5
chromosome_1	sampleMS273_shat	143710610	0.0
chromosome_1	sampleMS273_shat	156375187	0.0
chromosome_1	sampleMS273_shat	156376776	0.5
chromosome_1	sampleMS273_shat	156376787	1.0
chromosome_1	sampleMS3_shat	63863984	0.0
chromosome_1	sampleMS3_shat	63865274	-0.5
chromosome_1	sampleMS3_shat	63865338	-1.0
chromosome_1	sample628_nonshat	428393	-1.0
chromosome_1	sample628_nonshat	434979	-0.5
chromosome_1	sample628_nonshat	435257	0.0
chromosome_1	sample635_shat	14239796	0.0
chromosome_1	sample635_shat	14240036	0.5
chromosome_1	sample635_shat	14240461	1.0
chromosome_1	sample635_shat	14240675	1.0
chromosome_1	sample635_shat	14240684	0.5
chromosome_1	sample635_shat	14240746	0.0
chromosome_1	sampleMS248_nonshat	41616464	1.0
chromosome_1	sampleMS248_nonshat	41640748	0.5
chromosome_1	sampleMS248_nonshat	41641099	0.0
chromosome_1	sampleMS268_nonshat	154795306	0.0
chromosome_1	sampleMS268_nonshat	154796683	-0.5
chromosome_1	sampleMS268_nonshat	154796765	-1.0
chromosome_1	sampleMS268_nonshat	157908056	-1.0
chromosome_1	sampleMS268_nonshat	157923556	-0.5
chromosome_1	sampleMS268_nonshat	157928443	0.0
chromosome_1	sampleMS305_nonshat	2636611	1.0
chromosome_1	sampleMS305_nonshat	2669576	0.5
chromosome_1	sampleMS305_nonshat	2673728	0.0
chromosome_1	sampleMS305_nonshat	150100280	0.0
chromosome_1	sampleMS305_nonshat	150151087	-0.5
chromosome_1	sampleMS305_nonshat	150237894	-1.0
chromosome_2	sample103_shat	111368343	0.0
chromosome_2	sample103_shat	111373302	-0.5
chromosome_2	sample103_shat	111373343	-1.0
chromosome_2	sample103_shat	118055693	-1.0
chromosome_2	sample103_shat	118107056	-0.5
chromosome_2	sample103_shat	118109530	0.0
chromosome_2	sample105_shat	89513980	1.0
chromosome_2	sample105_shat	89515117	0.5
chromosome_2	sample105_shat	89515406	0.0
chromosome_2	sample107_shat	3593102	0.0
chromosome_2	sample107_shat	3601545	0.5
chromosome_2	sample107_shat	3607683	1.0
chromosome_2	sample115_shat	109845590	0.0
chromosome_2	sample115_shat	109846931	0.5
chromosome_2	sample115_shat	109852438	1.0
chromosome_2	sample126_shat	101185372	-1.0
chromosome_2	sample126_shat	101185724	-0.5
chromosome_2	sample126_shat	101195019	0.0
chromosome_2	sample127_shat	7783578	0.0
chromosome_2	sample127_shat	7785040	0.5
chromosome_2	sample127_shat	7785526	1.0
chromosome_2	sample127_shat	103746047	1.0
chromosome_2	sample127_shat	103936061	0.5
chromosome_2	sample127_shat	104220993	0.0
chromosome_2	sample131_shat	94390574	-1.0
chromosome_2	sample131_shat	94402158	-0.5
chromosome_2	sample131_shat	94402170	0.0
chromosome_2	sample156_shat	101273978	0.0
chromosome_2	sample156_shat	101338471	0.5
chromosome_2	sample156_shat	101338798	1.0
chromosome_2	sample156_shat	115322725	1.0
chromosome_2	sample156_shat	115322860	0.5
chromosome_2	sample156_shat	115322974	0.0
chromosome_2	sample16_shat	2424833	-1.0
chromosome_2	sample16_shat	2462465	-0.5
chromosome_2	sample16_shat	2469111	0.0
chromosome_2	sample16_shat	7497475	0.0
chromosome_2	sample16_shat	7497476	0.5
chromosome_2	sample16_shat	7497490	1.0
chromosome_2	sample197_shat	5160182	1.0
chromosome_2	sample197_shat	5169535	0.5
chromosome_2	sample197_shat	5170062	0.0
chromosome_2	sample197_shat	31001889	0.0
chromosome_2	sample197_shat	31348371	-0.5
chromosome_2	sample197_shat	31348374	-1.0
chromosome_2	sample197_shat	83105689	-1.0
chromosome_2	sample197_shat	83203305	-0.5
chromosome_2	sample197_shat	83203792	0.0
chromosome_2	sample197_shat	104377655	0.0
chromosome_2	sample197_shat	104820900	0.5
chromosome_2	sample197_shat	105090096	1.0
chromosome_2	sample1_shat	19665541	0.0
chromosome_2	sample1_shat	19669641	0.5
chromosome_2	sample1_shat	19670109	1.0
chromosome_2	sample97_shat	97585681	0.0
chromosome_2	sample97_shat	97589185	0.5
chromosome_2	sample97_shat	97592324	1.0
chromosome_2	sampleMS10_shat	22984987	0.0
chromosome_2	sampleMS10_shat	22990923	-0.5
chromosome_2	sampleMS10_shat	22991149	-1.0
chromosome_2	sampleMS10_shat	90605031	-1.0
chromosome_2	sampleMS10_shat	90622076	-0.5
chromosome_2	sampleMS10_shat	90636823	0.0
chromosome_2	sampleMS10_shat	108970071	0.0
chromosome_2	sampleMS10_shat	108970940	0.5
chromosome_2	sampleMS10_shat	108971058	1.0
chromosome_2	sampleMS114_shat	105513120	0.0
chromosome_2	sampleMS114_shat	105516725	-0.5
chromosome_2	sampleMS114_shat	105649969	-1.0
chromosome_2	sampleMS114_shat	113611268	-1.0
chromosome_2	sampleMS114_shat	113614633	-0.5
chromosome_2	sampleMS114_shat	113614643	0.0
chromosome_2	sampleMS143_shat	25386875	-1.0
chromosome_2	sampleMS143_shat	25392597	-0.5
chromosome_2	sampleMS143_shat	25392610	0.0
chromosome_2	sampleMS14_shat	730750	-1.0
chromosome_2	sampleMS14_shat	744040	-0.5
chromosome_2	sampleMS14_shat	744053	0.0
chromosome_2	sampleMS160_shat	21946252	-1.0
chromosome_2	sampleMS160_shat	21951328	-0.5
chromosome_2	sampleMS160_shat	21951390	0.0
chromosome_2	sampleMS172_shat	19470635	0.0
chromosome_2	sampleMS172_shat	19473122	0.5
chromosome_2	sampleMS172_shat	19474880	1.0
chromosome_2	sampleMS172_shat	109838443	1.0
chromosome_2	sampleMS172_shat	109838583	0.5
chromosome_2	sampleMS172_shat	109841373	0.0
chromosome_2	sampleMS24_shat	6576404	-1.0
chromosome_2	sampleMS24_shat	6576531	-0.5
chromosome_2	sampleMS24_shat	6576557	0.0
chromosome_2	sampleMS24_shat	113516820	0.0
chromosome_2	sampleMS24_shat	113516868	0.5
chromosome_2	sampleMS24_shat	113516886	1.0
chromosome_2	sampleMS263_shat	114341464	-1.0
chromosome_2	sampleMS263_shat	114375395	-0.5
chromosome_2	sampleMS263_shat	114411236	0.0
chromosome_2	sampleMS273_shat	115072347	0.0
chromosome_2	sampleMS273_shat	115122762	-0.5
chromosome_2	sampleMS273_shat	115122917	-1.0
chromosome_2	sampleMS274_shat	17665416	0.0
chromosome_2	sampleMS274_shat	17679381	0.5
chromosome_2	sampleMS274_shat	17679973	1.0
chromosome_2	sampleMS274_shat	117292699	1.0
chromosome_2	sampleMS274_shat	117293338	0.5
chromosome_2	sampleMS274_shat	117293460	0.0
chromosome_2	sampleMS302_shat	100750234	0.0
chromosome_2	sampleMS302_shat	100751074	0.5
chromosome_2	sampleMS302_shat	100752130	1.0
chromosome_2	sampleMS3_shat	5176914	0.0
chromosome_2	sampleMS3_shat	5176981	0.5
chromosome_2	sampleMS3_shat	5177263	1.0
chromosome_2	sampleMS3_shat	97621971	1.0
chromosome_2	sampleMS3_shat	97804362	0.5
chromosome_2	sampleMS3_shat	97804498	0.0
chromosome_2	sample635_shat	12329585	-1.0
chromosome_2	sample635_shat	12331103	-0.5
chromosome_2	sample635_shat	12335885	0.0
chromosome_2	sample635_shat	17079548	0.0
chromosome_2	sample635_shat	17079550	-0.5
chromosome_2	sample635_shat	17079670	-0.5
chromosome_2	sample635_shat	17079737	-1.0
chromosome_2	sample635_shat	17101307	-1.0
chromosome_2	sample635_shat	17101400	-0.5
chromosome_2	sample635_shat	17101444	0.0
chromosome_2	sample635_shat	101129912	0.0
chromosome_2	sample635_shat	101130407	-0.5
chromosome_2	sample635_shat	101175457	-1.0
chromosome_2	sample635_shat	102816077	-1.0
chromosome_2	sample635_shat	102906176	-0.5
chromosome_2	sample635_shat	103497551	-0.5
chromosome_2	sample635_shat	103689304	0.0
chromosome_2	sample635_shat	122259145	0.0
chromosome_2	sample635_shat	122259146	-0.5
chromosome_2	sample635_shat	122332898	-0.5
chromosome_2	sample635_shat	122359228	-1.0
chromosome_2	sample635_shat	127984347	-1.0
chromosome_2	sample635_shat	127984351	-0.5
chromosome_2	sample635_shat	127984369	0.0
chromosome_2	sample635_shat	127984446	0.0
chromosome_2	sample635_shat	127999077	-0.5
chromosome_2	sample635_shat	127999649	-1.0
chromosome_2	sample635_shat	127999653	-1.0
chromosome_2	sample635_shat	127999656	-0.5
chromosome_2	sample635_shat	128023313	0.0
chromosome_2	sample635_shat	129572874	0.0
chromosome_2	sample635_shat	129588854	-0.5
chromosome_2	sample635_shat	129588913	-1.0
chromosome_2	sample635_shat	129779815	-1.0
chromosome_2	sample635_shat	129779827	-0.5
chromosome_2	sample635_shat	129843291	-1.0
chromosome_2	sample635_shat	129913713	-1.0
chromosome_2	sample635_shat	129913744	-0.5
chromosome_2	sample635_shat	129920212	-0.5
chromosome_2	sample635_shat	130002470	0.0
chromosome_2	sample635_shat	130008548	-0.5
chromosome_2	sample635_shat	130008556	-1.0
chromosome_2	sample635_shat	135552615	-1.0
chromosome_2	sample635_shat	135597633	-0.5
chromosome_2	sample635_shat	135597639	0.0
chromosome_2	sample635_shat	135603607	-0.5
chromosome_2	sample635_shat	135625165	0.0
chromosome_2	sample635_shat	135864829	0.0
chromosome_2	sample635_shat	135921830	-0.5
chromosome_2	sample635_shat	135970406	-1.0
chromosome_2	sampleMS248_nonshat	27394905	-1.0
chromosome_2	sampleMS248_nonshat	27403005	-0.5
chromosome_2	sampleMS248_nonshat	27498330	0.0
chromosome_2	sampleMS248_nonshat	110131347	0.0
chromosome_2	sampleMS248_nonshat	110135206	0.5
chromosome_2	sampleMS248_nonshat	110139533	1.0
chromosome_2	sampleMS268_nonshat	2610777	0.0
chromosome_2	sampleMS268_nonshat	2625911	0.5
chromosome_2	sampleMS268_nonshat	2625938	1.0
chromosome_2	sampleMS268_nonshat	106638394	1.0
chromosome_2	sampleMS268_nonshat	106638492	0.5
chromosome_2	sampleMS268_nonshat	106638510	0.0
chromosome_2	sampleMS305_nonshat	3134994	1.0
chromosome_2	sampleMS305_nonshat	3140965	0.5
chromosome_2	sampleMS305_nonshat	3141669	0.0
chromosome_2	sampleMS305_nonshat	4666945	0.0
chromosome_2	sampleMS305_nonshat	4669313	-0.5
chromosome_2	sampleMS305_nonshat	4670529	-1.0
chromosome_3	sample103_shat	146792655	1.0
chromosome_3	sample103_shat	146803276	0.5
chromosome_3	sample103_shat	146804562	0.0
chromosome_3	sample105_shat	139721469	0.0
chromosome_3	sample105_shat	139726658	-0.5
chromosome_3	sample105_shat	139726683	-1.0
chromosome_3	sample105_shat	143179120	-1.0
chromosome_3	sample105_shat	143221965	-0.5
chromosome_3	sample105_shat	143222072	0.0
chromosome_3	sample107_shat	134844720	1.0
chromosome_3	sample107_shat	134872968	0.5
chromosome_3	sample107_shat	134880462	0.0
chromosome_3	sample107_shat	153726694	0.0
chromosome_3	sample107_shat	153731038	-0.5
chromosome_3	sample107_shat	153731311	-1.0
chromosome_3	sample115_shat	6450389	0.0
chromosome_3	sample115_shat	6450963	0.5
chromosome_3	sample115_shat	6459478	1.0
chromosome_3	sample115_shat	7499872	1.0
chromosome_3	sample115_shat	7512886	0.5
chromosome_3	sample115_shat	7512941	0.0
chromosome_3	sample115_shat	14645976	0.0
chromosome_3	sample115_shat	14745081	0.5
chromosome_3	sample115_shat	14747851	1.0
chromosome_3	sample115_shat	120980955	1.0
chromosome_3	sample115_shat	120982407	0.5
chromosome_3	sample115_shat	120983190	0.0
chromosome_3	sample115_shat	145503764	0.0
chromosome_3	sample115_shat	145508503	-0.5
chromosome_3	sample115_shat	145508988	-1.0
chromosome_3	sample115_shat	146213562	-1.0
chromosome_3	sample115_shat	146229170	-0.5
chromosome_3	sample115_shat	146229172	0.0
chromosome_3	sample124_shat	147309492	-1.0
chromosome_3	sample124_shat	147319834	-0.5
chromosome_3	sample124_shat	147333049	0.0
chromosome_3	sample124_shat	151149218	0.0
chromosome_3	sample124_shat	151154765	0.5
chromosome_3	sample124_shat	151155850	1.0
chromosome_3	sample126_shat	19916960	1.0
chromosome_3	sample126_shat	19916981	0.5
chromosome_3	sample126_shat	19916986	0.0
chromosome_3	sample126_shat	147744866	0.0
chromosome_3	sample126_shat	147744869	0.5
chromosome_3	sample126_shat	147744909	1.0
chromosome_3	sample126_shat	151637484	1.0
chromosome_3	sample126_shat	151637690	0.5
chromosome_3	sample126_shat	151638869	0.0
chromosome_3	sample127_shat	36755338	0.0
chromosome_3	sample127_shat	37021851	-0.5
chromosome_3	sample127_shat	37022843	-1.0
chromosome_3	sample127_shat	139721469	-1.0
chromosome_3	sample127_shat	139726658	-0.5
chromosome_3	sample127_shat	139726683	0.0
chromosome_3	sample131_shat	135786632	1.0
chromosome_3	sample131_shat	135791708	0.5
chromosome_3	sample131_shat	135792135	0.0
chromosome_3	sample131_shat	152433090	0.0
chromosome_3	sample131_shat	152433111	-0.5
chromosome_3	sample131_shat	152433114	-1.0
chromosome_3	sample156_shat	6438603	1.0
chromosome_3	sample156_shat	6450389	0.5
chromosome_3	sample156_shat	6450963	0.0
chromosome_3	sample156_shat	11109808	0.0
chromosome_3	sample156_shat	11110601	0.5
chromosome_3	sample156_shat	11110602	1.0
chromosome_3	sample156_shat	14645922	1.0
chromosome_3	sample156_shat	14645976	0.5
chromosome_3	sample156_shat	14745081	0.0
chromosome_3	sample156_shat	151194016	0.0
chromosome_3	sample156_shat	151196941	0.5
chromosome_3	sample156_shat	151197438	1.0
chromosome_3	sample16_shat	150155035	-1.0
chromosome_3	sample16_shat	150163012	-0.5
chromosome_3	sample16_shat	150163580	0.0
chromosome_3	sample16_shat	153021299	0.0
chromosome_3	sample16_shat	153024603	0.5
chromosome_3	sample16_shat	153024810	1.0
chromosome_3	sample192_shat	6370791	-1.0
chromosome_3	sample192_shat	6370854	-0.5
chromosome_3	sample192_shat	6370888	0.0
chromosome_3	sample192_shat	50527674	0.0
chromosome_3	sample192_shat	50567059	0.5
chromosome_3	sample192_shat	50567197	1.0
chromosome_3	sample197_shat	142834813	-1.0
chromosome_3	sample197_shat	142836468	-0.5
chromosome_3	sample197_shat	142836489	0.0
chromosome_3	sample197_shat	145384344	0.0
chromosome_3	sample197_shat	145386762	0.5
chromosome_3	sample197_shat	145386763	1.0
chromosome_3	sample1_shat	152346801	0.0
chromosome_3	sample1_shat	152351102	0.5
chromosome_3	sample1_shat	152351189	1.0
chromosome_3	sample46_shat	11474683	0.0
chromosome_3	sample46_shat	11475404	0.5
chromosome_3	sample46_shat	11475405	1.0
chromosome_3	sample46_shat	12667207	1.0
chromosome_3	sample46_shat	12668179	0.5
chromosome_3	sample46_shat	12680355	0.0
chromosome_3	sample46_shat	16822217	0.0
chromosome_3	sample46_shat	16826479	0.5
chromosome_3	sample46_shat	16826491	1.0
chromosome_3	sampleMS114_shat	148427046	1.0
chromosome_3	sampleMS114_shat	148427293	0.5
chromosome_3	sampleMS114_shat	148427331	0.0
chromosome_3	sampleMS114_shat	148835179	0.0
chromosome_3	sampleMS114_shat	148849943	-0.5
chromosome_3	sampleMS114_shat	148849962	-1.0
chromosome_3	sampleMS143_shat	43203345	0.0
chromosome_3	sampleMS143_shat	43203358	0.5
chromosome_3	sampleMS143_shat	43203359	1.0
chromosome_3	sampleMS143_shat	140958206	1.0
chromosome_3	sampleMS143_shat	140958656	0.5
chromosome_3	sampleMS143_shat	140959236	0.0
chromosome_3	sampleMS14_shat	1565515	0.0
chromosome_3	sampleMS14_shat	1565748	0.5
chromosome_3	sampleMS14_shat	1565777	1.0
chromosome_3	sampleMS14_shat	14645976	1.0
chromosome_3	sampleMS14_shat	14745081	0.5
chromosome_3	sampleMS14_shat	14747851	0.0
chromosome_3	sampleMS14_shat	67839179	0.0
chromosome_3	sampleMS14_shat	67842414	-0.5
chromosome_3	sampleMS14_shat	67842580	-1.0
chromosome_3	sampleMS14_shat	152346801	-1.0
chromosome_3	sampleMS14_shat	152351102	-0.5
chromosome_3	sampleMS14_shat	152351189	0.0
chromosome_3	sampleMS160_shat	42217462	0.0
chromosome_3	sampleMS160_shat	42217612	-0.5
chromosome_3	sampleMS160_shat	42217704	-1.0
chromosome_3	sampleMS172_shat	42825169	-1.0
chromosome_3	sampleMS172_shat	42826141	-0.5
chromosome_3	sampleMS172_shat	42826142	0.0
chromosome_3	sampleMS172_shat	126387217	0.0
chromosome_3	sampleMS172_shat	126433587	-0.5
chromosome_3	sampleMS172_shat	126433596	-1.0
chromosome_3	sampleMS24_shat	6438603	-1.0
chromosome_3	sampleMS24_shat	6450389	-0.5
chromosome_3	sampleMS24_shat	6450963	0.0
chromosome_3	sampleMS24_shat	11192296	0.0
chromosome_3	sampleMS24_shat	11216708	-0.5
chromosome_3	sampleMS24_shat	11216781	-1.0
chromosome_3	sampleMS24_shat	14645976	-1.0
chromosome_3	sampleMS24_shat	14745081	-0.5
chromosome_3	sampleMS24_shat	14747851	0.0
chromosome_3	sampleMS24_shat	146757287	0.0
chromosome_3	sampleMS24_shat	146774866	0.5
chromosome_3	sampleMS24_shat	146774873	1.0
chromosome_3	sampleMS263_shat	144940457	1.0
chromosome_3	sampleMS263_shat	144973846	0.5
chromosome_3	sampleMS263_shat	144976478	0.0
chromosome_3	sampleMS263_shat	145291125	0.0
chromosome_3	sampleMS263_shat	145299663	-0.5
chromosome_3	sampleMS263_shat	145299956	-1.0
chromosome_3	sampleMS273_shat	27756597	0.0
chromosome_3	sampleMS273_shat	27757271	0.5
chromosome_3	sampleMS273_shat	27757330	1.0
chromosome_3	sampleMS273_shat	118816542	1.0
chromosome_3	sampleMS273_shat	118820842	0.5
chromosome_3	sampleMS273_shat	118832039	0.0
chromosome_3	sampleMS274_shat	1838509	1.0
chromosome_3	sampleMS274_shat	1843461	0.5
chromosome_3	sampleMS274_shat	1843476	0.0
chromosome_3	sampleMS274_shat	5326597	0.0
chromosome_3	sampleMS274_shat	5344784	0.5
chromosome_3	sampleMS274_shat	5344787	1.0
chromosome_3	sampleMS274_shat	6289475	1.0
chromosome_3	sampleMS274_shat	6289596	0.5
chromosome_3	sampleMS274_shat	6289598	0.0
chromosome_3	sampleMS274_shat	14745081	0.0
chromosome_3	sampleMS274_shat	14747851	-0.5
chromosome_3	sampleMS274_shat	14747881	-1.0
chromosome_3	sampleMS274_shat	152206454	-1.0
chromosome_3	sampleMS274_shat	152227839	-0.5
chromosome_3	sampleMS274_shat	152227927	0.0
chromosome_3	sampleMS302_shat	6320891	1.0
chromosome_3	sampleMS302_shat	6352531	0.5
chromosome_3	sampleMS302_shat	6352800	0.0
chromosome_3	sampleMS302_shat	133041488	0.0
chromosome_3	sampleMS302_shat	133041570	0.5
chromosome_3	sampleMS302_shat	133041661	1.0
chromosome_3	sampleMS302_shat	148521955	1.0
chromosome_3	sampleMS302_shat	148525881	0.5
chromosome_3	sampleMS302_shat	148526370	0.0
chromosome_3	sample628_nonshat	117832584	0.0
chromosome_3	sample628_nonshat	117915925	0.5
chromosome_3	sample628_nonshat	117920801	1.0
chromosome_3	sampleMS248_nonshat	150427656	1.0
chromosome_3	sampleMS248_nonshat	150449027	0.5
chromosome_3	sampleMS248_nonshat	150454734	0.0
chromosome_3	sampleMS268_nonshat	147525839	1.0
chromosome_3	sampleMS268_nonshat	147535163	0.5
chromosome_3	sampleMS268_nonshat	147556491	0.0
chromosome_3	sampleMS305_nonshat	134901756	-1.0
chromosome_3	sampleMS305_nonshat	135287310	-0.5
chromosome_3	sampleMS305_nonshat	135295943	0.0
chromosome_3	sampleMS305_nonshat	150243022	0.0
chromosome_3	sampleMS305_nonshat	150245628	0.5
chromosome_3	sampleMS305_nonshat	150245688	1.0
chromosome_4	sample103_shat	128450070	0.0
chromosome_4	sample103_shat	128450396	-0.5
chromosome_4	sample103_shat	128458566	-1.0
chromosome_4	sample103_shat	142507958	-1.0
chromosome_4	sample103_shat	142539458	-0.5
chromosome_4	sample103_shat	142539595	0.0
chromosome_4	sample103_shat	157468657	0.0
chromosome_4	sample103_shat	157469380	0.5
chromosome_4	sample103_shat	157469555	1.0
chromosome_4	sample105_shat	155778328	0.0
chromosome_4	sample105_shat	155797880	0.5
chromosome_4	sample105_shat	155797936	1.0
chromosome_4	sample115_shat	5745662	0.0
chromosome_4	sample115_shat	5745667	-0.5
chromosome_4	sample115_shat	5745687	-1.0
chromosome_4	sample115_shat	11111017	-1.0
chromosome_4	sample115_shat	11120117	-0.5
chromosome_4	sample115_shat	11120816	0.0
chromosome_4	sample115_shat	122239027	0.0
chromosome_4	sample115_shat	122241452	-0.5
chromosome_4	sample115_shat	122241567	-1.0
chromosome_4	sample124_shat	5360492	1.0
chromosome_4	sample124_shat	5374738	0.5
chromosome_4	sample124_shat	5375951	0.0
chromosome_4	sample124_shat	111069444	0.0
chromosome_4	sample124_shat	111070839	-0.5
chromosome_4	sample124_shat	111071010	-1.0
chromosome_4	sample124_shat	155184987	-1.0
chromosome_4	sample124_shat	155200816	-0.5
chromosome_4	sample124_shat	155200841	0.0
chromosome_4	sample126_shat	137373641	0.0
chromosome_4	sample126_shat	137417946	-0.5
chromosome_4	sample126_shat	137418426	-1.0
chromosome_4	sample127_shat	7558588	0.0
chromosome_4	sample127_shat	7573461	0.5
chromosome_4	sample127_shat	7573749	1.0
chromosome_4	sample127_shat	138760841	1.0
chromosome_4	sample127_shat	138760979	0.5
chromosome_4	sample127_shat	138761190	0.0
chromosome_4	sample131_shat	117873033	1.0
chromosome_4	sample131_shat	117873828	0.5
chromosome_4	sample131_shat	117874370	0.0
chromosome_4	sample156_shat	132039810	0.0
chromosome_4	sample156_shat	132041948	0.5
chromosome_4	sample156_shat	132042227	1.0
chromosome_4	sample156_shat	159159961	1.0
chromosome_4	sample156_shat	159159977	0.5
chromosome_4	sample156_shat	159160061	0.0
chromosome_4	sample16_shat	157305275	1.0
chromosome_4	sample16_shat	157314567	0.5
chromosome_4	sample16_shat	157353834	0.0
chromosome_4	sample192_shat	25920845	1.0
chromosome_4	sample192_shat	25924366	0.5
chromosome_4	sample192_shat	25924547	0.0
chromosome_4	sample192_shat	151752399	0.0
chromosome_4	sample192_shat	151753256	0.5
chromosome_4	sample192_shat	151753281	1.0
chromosome_4	sample197_shat	6336010	1.0
chromosome_4	sample197_shat	6339681	0.5
chromosome_4	sample197_shat	6339704	0.0
chromosome_4	sample197_shat	146343449	0.0
chromosome_4	sample197_shat	146349743	-0.5
chromosome_4	sample197_shat	146349744	-1.0
chromosome_4	sample197_shat	152132806	-1.0
chromosome_4	sample197_shat	152173311	-0.5
chromosome_4	sample197_shat	152173461	0.0
chromosome_4	sample1_shat	46024	0.0
chromosome_4	sample1_shat	47009	0.5
chromosome_4	sample1_shat	47015	1.0
chromosome_4	sample1_shat	149149304	1.0
chromosome_4	sample1_shat	149151607	0.5
chromosome_4	sample1_shat	149153883	0.0
chromosome_4	sample46_shat	2749004	0.0
chromosome_4	sample46_shat	2751313	-0.5
chromosome_4	sample46_shat	2751332	-1.0
chromosome_4	sample46_shat	9230803	-1.0
chromosome_4	sample46_shat	9259708	-0.5
chromosome_4	sample46_shat	9261330	0.0
chromosome_4	sample46_shat	158316974	0.0
chromosome_4	sample46_shat	158328691	0.5
chromosome_4	sample46_shat	158336229	1.0
chromosome_4	sample97_shat	143827358	1.0
chromosome_4	sample97_shat	143830812	0.5
chromosome_4	sample97_shat	143831079	0.0
chromosome_4	sample97_shat	146031169	0.0
chromosome_4	sample97_shat	146046575	-0.5
chromosome_4	sample97_shat	146047493	-1.0
chromosome_4	sampleMS10_shat	155778328	0.0
chromosome_4	sampleMS10_shat	155797880	0.5
chromosome_4	sampleMS10_shat	155797936	1.0
chromosome_4	sampleMS10_shat	158954155	1.0
chromosome_4	sampleMS10_shat	159025630	0.5
chromosome_4	sampleMS10_shat	159025810	0.0
chromosome_4	sampleMS114_shat	158782534	0.0
chromosome_4	sampleMS114_shat	158795219	0.5
chromosome_4	sampleMS114_shat	158797756	1.0
chromosome_4	sampleMS143_shat	3965602	-1.0
chromosome_4	sampleMS143_shat	3975136	-0.5
chromosome_4	sampleMS143_shat	3975787	0.0
chromosome_4	sampleMS14_shat	5503619	-1.0
chromosome_4	sampleMS14_shat	5567110	-0.5
chromosome_4	sampleMS14_shat	5569293	0.0
chromosome_4	sampleMS14_shat	152286155	0.0
chromosome_4	sampleMS14_shat	152381789	0.5
chromosome_4	sampleMS14_shat	152384969	1.0
chromosome_4	sampleMS160_shat	3200956	-1.0
chromosome_4	sampleMS160_shat	3220900	-0.5
chromosome_4	sampleMS160_shat	3220921	0.0
chromosome_4	sampleMS160_shat	114124451	0.0
chromosome_4	sampleMS160_shat	114124770	-0.5
chromosome_4	sampleMS160_shat	114124816	-1.0
chromosome_4	sampleMS172_shat	147163992	1.0
chromosome_4	sampleMS172_shat	147164051	0.5
chromosome_4	sampleMS172_shat	147167050	0.0
chromosome_4	sampleMS24_shat	26551773	0.0
chromosome_4	sampleMS24_shat	26580298	0.5
chromosome_4	sampleMS24_shat	26581130	1.0
chromosome_4	sampleMS24_shat	153166826	1.0
chromosome_4	sampleMS24_shat	153166968	0.5
chromosome_4	sampleMS24_shat	153168334	0.0
chromosome_4	sampleMS24_shat	157380910	0.0
chromosome_4	sampleMS24_shat	157410055	-0.5
chromosome_4	sampleMS24_shat	157411287	-1.0
chromosome_4	sampleMS263_shat	4454936	0.0
chromosome_4	sampleMS263_shat	4459745	-0.5
chromosome_4	sampleMS263_shat	4460336	-1.0
chromosome_4	sampleMS263_shat	23442957	-1.0
chromosome_4	sampleMS263_shat	23443296	-0.5
chromosome_4	sampleMS263_shat	23451050	0.0
chromosome_4	sampleMS263_shat	144833716	0.0
chromosome_4	sampleMS263_shat	144864073	-0.5
chromosome_4	sampleMS263_shat	144865104	-1.0
chromosome_4	sampleMS273_shat	3671986	-1.0
chromosome_4	sampleMS273_shat	3674215	-0.5
chromosome_4	sampleMS273_shat	3674290	0.0
chromosome_4	sampleMS274_shat	5178487	0.0
chromosome_4	sampleMS274_shat	5194295	0.5
chromosome_4	sampleMS274_shat	5194309	1.0
chromosome_4	sampleMS302_shat	1945060	0.0
chromosome_4	sampleMS302_shat	1958313	0.5
chromosome_4	sampleMS302_shat	1958325	1.0
chromosome_4	sampleMS302_shat	5051473	1.0
chromosome_4	sampleMS302_shat	5059474	0.5
chromosome_4	sampleMS302_shat	5059548	0.0
chromosome_4	sampleMS302_shat	145308221	0.0
chromosome_4	sampleMS302_shat	145308440	0.5
chromosome_4	sampleMS302_shat	145333362	1.0
chromosome_4	sampleMS3_shat	3088317	0.0
chromosome_4	sampleMS3_shat	3095384	0.5
chromosome_4	sampleMS3_shat	3096114	1.0
chromosome_4	sampleMS3_shat	138601321	1.0
chromosome_4	sampleMS3_shat	138603362	0.5
chromosome_4	sampleMS3_shat	138603423	0.0
chromosome_4	sampleMS3_shat	156880746	0.0
chromosome_4	sampleMS3_shat	156882704	-0.5
chromosome_4	sampleMS3_shat	156882709	-1.0
chromosome_4	sample628_nonshat	132774758	-1.0
chromosome_4	sample628_nonshat	132821394	-0.5
chromosome_4	sample628_nonshat	132821455	0.0
chromosome_4	sample628_nonshat	159138089	0.0
chromosome_4	sample628_nonshat	159138873	0.5
chromosome_4	sample628_nonshat	159139002	1.0
chromosome_4	sampleMS268_nonshat	151495960	-1.0
chromosome_4	sampleMS268_nonshat	151498805	-0.5
chromosome_4	sampleMS268_nonshat	151499255	0.0
chromosome_4	sampleMS268_nonshat	155388265	0.0
chromosome_4	sampleMS268_nonshat	155441962	0.5
chromosome_4	sampleMS268_nonshat	155441983	1.0
chromosome_4	sampleMS305_nonshat	158954155	-1.0
chromosome_4	sampleMS305_nonshat	159025630	-0.5
chromosome_4	sampleMS305_nonshat	159025810	0.0
chromosome_5	sample103_shat	13054501	1.0
chromosome_5	sample103_shat	13054545	0.5
chromosome_5	sample103_shat	13054561	0.0
chromosome_5	sample103_shat	125353568	0.0
chromosome_5	sample103_shat	125364894	0.5
chromosome_5	sample103_shat	125364908	1.0
chromosome_5	sample103_shat	150636013	1.0
chromosome_5	sample103_shat	150854733	0.5
chromosome_5	sample103_shat	150865643	0.0
chromosome_5	sample105_shat	132302492	1.0
chromosome_5	sample105_shat	132304362	0.5
chromosome_5	sample105_shat	132375746	0.0
chromosome_5	sample107_shat	10745684	1.0
chromosome_5	sample107_shat	10750449	0.5
chromosome_5	sample107_shat	10750972	0.0
chromosome_5	sample115_shat	32351366	0.0
chromosome_5	sample115_shat	32352721	-0.5
chromosome_5	sample115_shat	32352814	-1.0
chromosome_5	sample126_shat	140621778	-1.0
chromosome_5	sample126_shat	140645826	-0.5
chromosome_5	sample126_shat	140645860	0.0
chromosome_5	sample131_shat	14042817	1.0
chromosome_5	sample131_shat	14043008	0.5
chromosome_5	sample131_shat	14046020	0.0
chromosome_5	sample131_shat	54483453	0.0
chromosome_5	sample131_shat	54484308	-0.5
chromosome_5	sample131_shat	54484854	-1.0
chromosome_5	sample131_shat	139722104	-1.0
chromosome_5	sample131_shat	139730753	-0.5
chromosome_5	sample131_shat	139731558	0.0
chromosome_5	sample156_shat	8285038	0.0
chromosome_5	sample156_shat	8288124	-0.5
chromosome_5	sample156_shat	8288418	-1.0
chromosome_5	sample156_shat	112559577	-1.0
chromosome_5	sample156_shat	112578998	-0.5
chromosome_5	sample156_shat	112578999	0.0
chromosome_5	sample192_shat	12434684	0.0
chromosome_5	sample192_shat	12434857	-0.5
chromosome_5	sample192_shat	12434975	-1.0
chromosome_5	sample192_shat	150185026	-1.0
chromosome_5	sample192_shat	150203199	-0.5
chromosome_5	sample192_shat	150203784	0.0
chromosome_5	sample197_shat	11411915	0.0
chromosome_5	sample197_shat	11424383	-0.5
chromosome_5	sample197_shat	11424674	-1.0
chromosome_5	sample1_shat	120603640	0.0
chromosome_5	sample1_shat	120603747	0.5
chromosome_5	sample1_shat	120603973	1.0
chromosome_5	sample46_shat	33720366	-1.0
chromosome_5	sample46_shat	33731076	-0.5
chromosome_5	sample46_shat	33731210	0.0
chromosome_5	sample97_shat	10314788	0.0
chromosome_5	sample97_shat	10314892	0.5
chromosome_5	sample97_shat	10315074	1.0
chromosome_5	sample97_shat	137441580	1.0
chromosome_5	sample97_shat	137461725	0.5
chromosome_5	sample97_shat	137462420	0.0
chromosome_5	sampleMS10_shat	149246978	0.0
chromosome_5	sampleMS10_shat	149278388	-0.5
chromosome_5	sampleMS10_shat	149278449	-0.5
chromosome_5	sampleMS10_shat	149278458	-1.0
chromosome_5	sampleMS114_shat	9164185	0.0
chromosome_5	sampleMS114_shat	9182539	-0.5
chromosome_5	sampleMS114_shat	9182555	-1.0
chromosome_5	sampleMS143_shat	7222483	1.0
chromosome_5	sampleMS143_shat	7222870	0.5
chromosome_5	sampleMS143_shat	7222948	0.0
chromosome_5	sampleMS14_shat	30231815	1.0
chromosome_5	sampleMS14_shat	30232033	0.5
chromosome_5	sampleMS14_shat	30232056	0.0
chromosome_5	sampleMS14_shat	148398623	0.0
chromosome_5	sampleMS14_shat	148417433	-0.5
chromosome_5	sampleMS14_shat	148424257	-1.0
chromosome_5	sampleMS160_shat	145208038	1.0
chromosome_5	sampleMS160_shat	145208635	0.5
chromosome_5	sampleMS160_shat	145208889	0.0
chromosome_5	sampleMS172_shat	148417433	1.0
chromosome_5	sampleMS172_shat	148424257	0.5
chromosome_5	sampleMS172_shat	148424265	0.0
chromosome_5	sampleMS24_shat	24858555	-1.0
chromosome_5	sampleMS24_shat	24863447	-0.5
chromosome_5	sampleMS24_shat	24863472	0.0
chromosome_5	sampleMS24_shat	151224555	0.0
chromosome_5	sampleMS24_shat	151255907	0.5
chromosome_5	sampleMS24_shat	151257713	1.0
chromosome_5	sampleMS263_shat	134784332	0.0
chromosome_5	sampleMS263_shat	134790083	0.5
chromosome_5	sampleMS263_shat	134813496	1.0
chromosome_5	sampleMS263_shat	147891503	1.0
chromosome_5	sampleMS263_shat	147894165	0.5
chromosome_5	sampleMS263_shat	147927519	0.5
chromosome_5	sampleMS263_shat	147929857	0.0
chromosome_5	sampleMS273_shat	10771330	1.0
chromosome_5	sampleMS273_shat	10801422	0.5
chromosome_5	sampleMS273_shat	10801973	0.0
chromosome_5	sampleMS273_shat	30219211	0.0
chromosome_5	sampleMS273_shat	30231720	-0.5
chromosome_5	sampleMS273_shat	30231721	-1.0
chromosome_5	sampleMS273_shat	134651801	-1.0
chromosome_5	sampleMS273_shat	134655181	-0.5
chromosome_5	sampleMS273_shat	134655308	0.0
chromosome_5	sampleMS274_shat	9123493	1.0
chromosome_5	sampleMS274_shat	9123533	0.5
chromosome_5	sampleMS274_shat	9126153	0.5
chromosome_5	sampleMS274_shat	9126231	0.0
chromosome_5	sampleMS274_shat	13619417	0.0
chromosome_5	sampleMS274_shat	13619747	-0.5
chromosome_5	sampleMS274_shat	13619767	-1.0
chromosome_5	sampleMS302_shat	22952912	0.0
chromosome_5	sampleMS302_shat	22953413	0.5
chromosome_5	sampleMS302_shat	22953463	1.0
chromosome_5	sampleMS302_shat	135098812	1.0
chromosome_5	sampleMS302_shat	135101280	0.5
chromosome_5	sampleMS302_shat	135101310	0.0
chromosome_5	sampleMS302_shat	147894165	0.0
chromosome_5	sampleMS302_shat	147927519	-0.5
chromosome_5	sampleMS302_shat	147929857	-1.0
chromosome_5	sampleMS3_shat	130791631	0.0
chromosome_5	sampleMS3_shat	130954197	0.5
chromosome_5	sampleMS3_shat	130954200	1.0
chromosome_5	sample628_nonshat	10521531	1.0
chromosome_5	sample628_nonshat	10521931	0.5
chromosome_5	sample628_nonshat	10521946	0.0
chromosome_5	sample628_nonshat	115391249	0.0
chromosome_5	sample628_nonshat	115391394	0.5
chromosome_5	sample628_nonshat	115391458	1.0
chromosome_5	sample628_nonshat	147891503	1.0
chromosome_5	sample628_nonshat	147894165	0.5
chromosome_5	sample628_nonshat	147927519	0.0
chromosome_5	sample635_shat	147773066	-1.0
chromosome_5	sample635_shat	147773210	-0.5
chromosome_5	sample635_shat	147773405	0.0
chromosome_5	sample635_shat	150165146	0.0
chromosome_5	sample635_shat	150165218	-0.5
chromosome_5	sample635_shat	150174170	-0.5
chromosome_5	sample635_shat	150174172	0.0
chromosome_5	sample635_shat	150182498	0.0
chromosome_5	sample635_shat	150183185	-0.5
chromosome_5	sample635_shat	150184350	-0.5
chromosome_5	sample635_shat	150184816	-1.0
chromosome_5	sample635_shat	150184976	-0.5
chromosome_5	sample635_shat	150185026	-0.5
chromosome_5	sample635_shat	150203199	0.0
chromosome_5	sample635_shat	150246664	0.0
chromosome_5	sample635_shat	150246667	-0.5
chromosome_5	sample635_shat	150246711	-1.0
chromosome_5	sample635_shat	150255885	-1.0
chromosome_5	sample635_shat	150256262	-0.5
chromosome_5	sample635_shat	150256471	-0.5
chromosome_5	sample635_shat	150257603	0.0
chromosome_5	sample635_shat	150263622	0.0
chromosome_5	sample635_shat	150263739	-0.5
chromosome_5	sample635_shat	150263787	-0.5
chromosome_5	sample635_shat	150263793	-1.0
chromosome_5	sample635_shat	150275312	-1.0
chromosome_5	sample635_shat	150275385	-0.5
chromosome_5	sample635_shat	150279436	-0.5
chromosome_5	sample635_shat	150279501	0.0
chromosome_5	sample635_shat	150288916	0.0
chromosome_5	sample635_shat	150288949	-0.5
chromosome_5	sample635_shat	150289252	-1.0
chromosome_5	sample635_shat	150299855	-1.0
chromosome_5	sample635_shat	150299856	-0.5
chromosome_5	sample635_shat	150299873	-0.5
chromosome_5	sample635_shat	150299961	-1.0
chromosome_5	sample635_shat	150300512	-1.0
chromosome_5	sample635_shat	150300526	-0.5
chromosome_5	sample635_shat	150300752	-1.0
chromosome_5	sample635_shat	150301680	-1.0
chromosome_5	sample635_shat	150301709	-0.5
chromosome_5	sample635_shat	150301720	0.0
chromosome_5	sample635_shat	150447767	0.0
chromosome_5	sample635_shat	150447773	-0.5
chromosome_5	sample635_shat	150447815	-1.0
chromosome_5	sample635_shat	150447877	-0.5
chromosome_5	sample635_shat	150447982	-0.5
chromosome_5	sample635_shat	150448135	0.0
chromosome_5	sample635_shat	150583233	0.0
chromosome_5	sample635_shat	150584854	-0.5
chromosome_5	sample635_shat	150585051	-1.0
chromosome_5	sample635_shat	150585118	-0.5
chromosome_5	sample635_shat	150585124	0.0
chromosome_5	sampleMS248_nonshat	107639422	1.0
chromosome_5	sampleMS248_nonshat	107665393	0.5
chromosome_5	sampleMS248_nonshat	107667558	0.0
chromosome_5	sampleMS248_nonshat	147596619	0.0
chromosome_5	sampleMS248_nonshat	147598055	-0.5
chromosome_5	sampleMS248_nonshat	147598326	-1.0
chromosome_5	sampleMS268_nonshat	9964613	1.0
chromosome_5	sampleMS268_nonshat	9964847	0.5
chromosome_5	sampleMS268_nonshat	9964972	0.0
chromosome_5	sampleMS268_nonshat	150636013	0.0
chromosome_5	sampleMS268_nonshat	150854733	-0.5
chromosome_5	sampleMS268_nonshat	150865643	-1.0
chromosome_6	sample103_shat	131701660	0.0
chromosome_6	sample103_shat	131737524	-0.5
chromosome_6	sample103_shat	131737698	-1.0
chromosome_6	sample105_shat	126028341	-1.0
chromosome_6	sample105_shat	126045509	-0.5
chromosome_6	sample105_shat	126045920	0.0
chromosome_6	sample107_shat	132489812	-1.0
chromosome_6	sample107_shat	132515955	-0.5
chromosome_6	sample107_shat	132553820	0.0
chromosome_6	sample115_shat	129577889	-1.0
chromosome_6	sample115_shat	129579747	-0.5
chromosome_6	sample115_shat	129579756	0.0
chromosome_6	sample124_shat	102177543	-1.0
chromosome_6	sample124_shat	102184028	-0.5
chromosome_6	sample124_shat	102214914	0.0
chromosome_6	sample126_shat	116974410	-1.0
chromosome_6	sample126_shat	116980653	-0.5
chromosome_6	sample126_shat	116981275	0.0
chromosome_6	sample126_shat	134028849	0.0
chromosome_6	sample126_shat	134046056	0.5
chromosome_6	sample126_shat	134046787	1.0
chromosome_6	sample131_shat	130957937	-1.0
chromosome_6	sample131_shat	130962273	-0.5
chromosome_6	sample131_shat	130962278	0.0
chromosome_6	sample156_shat	103076025	0.0
chromosome_6	sample156_shat	103089733	-0.5
chromosome_6	sample156_shat	103089854	-1.0
chromosome_6	sample16_shat	5742611	1.0
chromosome_6	sample16_shat	5801242	0.5
chromosome_6	sample16_shat	5801248	0.0
chromosome_6	sample16_shat	128206952	0.0
chromosome_6	sample16_shat	128218265	0.5
chromosome_6	sample16_shat	128218372	1.0
chromosome_6	sample16_shat	134623693	1.0
chromosome_6	sample16_shat	134741271	0.5
chromosome_6	sample16_shat	134741278	0.0
chromosome_6	sample192_shat	20402625	0.0
chromosome_6	sample192_shat	20403441	-0.5
chromosome_6	sample192_shat	20403462	-1.0
chromosome_6	sample197_shat	131473968	-1.0
chromosome_6	sample197_shat	131488164	-0.5
chromosome_6	sample197_shat	131488200	0.0
chromosome_6	sample46_shat	20647505	0.0
chromosome_6	sample46_shat	20670161	0.5
chromosome_6	sample46_shat	20670376	1.0
chromosome_6	sample46_shat	133844093	1.0
chromosome_6	sample46_shat	133870799	0.5
chromosome_6	sample46_shat	133871786	0.0
chromosome_6	sampleMS10_shat	130465370	0.0
chromosome_6	sampleMS10_shat	130481064	0.5
chromosome_6	sampleMS10_shat	130483492	1.0
chromosome_6	sampleMS10_shat	135169171	1.0
chromosome_6	sampleMS10_shat	135207912	0.5
chromosome_6	sampleMS10_shat	135226343	0.0
chromosome_6	sampleMS143_shat	59015207	1.0
chromosome_6	sampleMS143_shat	59029817	0.5
chromosome_6	sampleMS143_shat	59029831	0.0
chromosome_6	sampleMS143_shat	134902226	0.0
chromosome_6	sampleMS143_shat	134975111	-0.5
chromosome_6	sampleMS143_shat	134976478	-1.0
chromosome_6	sampleMS160_shat	115924561	0.0
chromosome_6	sampleMS160_shat	115924787	-0.5
chromosome_6	sampleMS160_shat	115925248	-1.0
chromosome_6	sampleMS160_shat	124301648	-1.0
chromosome_6	sampleMS160_shat	124312148	-0.5
chromosome_6	sampleMS160_shat	124312746	0.0
chromosome_6	sampleMS24_shat	128155202	1.0
chromosome_6	sampleMS24_shat	128156704	0.5
chromosome_6	sampleMS24_shat	128165786	0.0
chromosome_6	sampleMS263_shat	95978044	-1.0
chromosome_6	sampleMS263_shat	95996912	-0.5
chromosome_6	sampleMS263_shat	95997093	0.0
chromosome_6	sampleMS263_shat	105442597	0.0
chromosome_6	sampleMS263_shat	105493360	0.5
chromosome_6	sampleMS263_shat	105493361	1.0
chromosome_6	sampleMS263_shat	130957937	1.0
chromosome_6	sampleMS263_shat	130962273	0.5
chromosome_6	sampleMS263_shat	130962278	0.0
chromosome_6	sampleMS274_shat	119345358	0.0
chromosome_6	sampleMS274_shat	119345372	-0.5
chromosome_6	sampleMS274_shat	119345454	-1.0
chromosome_6	sampleMS274_shat	131318945	-1.0
chromosome_6	sampleMS274_shat	131332569	-0.5
chromosome_6	sampleMS274_shat	131332611	0.0
chromosome_6	sampleMS3_shat	133431948	0.0
chromosome_6	sampleMS3_shat	133485696	0.5
chromosome_6	sampleMS3_shat	133486077	1.0
chromosome_6	sample628_nonshat	132351132	-1.0
chromosome_6	sample628_nonshat	132379001	-0.5
chromosome_6	sample628_nonshat	132379169	0.0
chromosome_6	sample635_shat	122746458	0.0
chromosome_6	sample635_shat	122746479	0.5
chromosome_6	sample635_shat	122746587	1.0
chromosome_6	sample635_shat	122747000	1.0
chromosome_6	sample635_shat	122747041	0.5
chromosome_6	sample635_shat	122747228	0.5
chromosome_6	sample635_shat	122747254	1.0
chromosome_6	sample635_shat	122748302	1.0
chromosome_6	sample635_shat	122748320	0.5
chromosome_6	sample635_shat	122748326	0.0
chromosome_6	sampleMS248_nonshat	125191270	1.0
chromosome_6	sampleMS248_nonshat	125197600	0.5
chromosome_6	sampleMS248_nonshat	125250604	0.0
chromosome_6	sampleMS305_nonshat	126454156	0.0
chromosome_6	sampleMS305_nonshat	126456313	-0.5
chromosome_6	sampleMS305_nonshat	126456499	-1.0
chromosome_6	sampleMS305_nonshat	131812762	-1.0
chromosome_6	sampleMS305_nonshat	131821445	-0.5
chromosome_6	sampleMS305_nonshat	131822783	0.0
chromosome_7	sample103_shat	4300127	1.0
chromosome_7	sample103_shat	4303802	0.5
chromosome_7	sample103_shat	4304181	0.0
chromosome_7	sample103_shat	16213765	0.0
chromosome_7	sample103_shat	16250151	-0.5
chromosome_7	sample103_shat	16302744	-1.0
chromosome_7	sample103_shat	37717301	-1.0
chromosome_7	sample103_shat	37717364	-0.5
chromosome_7	sample103_shat	37717820	0.0
chromosome_7	sample103_shat	117548250	0.0
chromosome_7	sample103_shat	118603890	-0.5
chromosome_7	sample103_shat	118798048	-1.0
chromosome_7	sample105_shat	2053012	0.0
chromosome_7	sample105_shat	2054705	-0.5
chromosome_7	sample105_shat	2054800	-1.0
chromosome_7	sample107_shat	8075497	0.0
chromosome_7	sample107_shat	8096412	0.5
chromosome_7	sample107_shat	8100513	1.0
chromosome_7	sample115_shat	4462861	-1.0
chromosome_7	sample115_shat	4468757	-0.5
chromosome_7	sample115_shat	4468763	0.0
chromosome_7	sample124_shat	7034441	-1.0
chromosome_7	sample124_shat	7043785	-0.5
chromosome_7	sample124_shat	7044237	0.0
chromosome_7	sample124_shat	43559078	0.0
chromosome_7	sample124_shat	43559159	0.5
chromosome_7	sample124_shat	43559162	1.0
chromosome_7	sample127_shat	11785012	0.0
chromosome_7	sample127_shat	11788597	-0.5
chromosome_7	sample127_shat	11788640	-1.0
chromosome_7	sample131_shat	1774874	0.0
chromosome_7	sample131_shat	1775010	-0.5
chromosome_7	sample131_shat	1775118	-1.0
chromosome_7	sample131_shat	19761458	-1.0
chromosome_7	sample131_shat	19762883	-0.5
chromosome_7	sample131_shat	19763080	0.0
chromosome_7	sample156_shat	3762787	-1.0
chromosome_7	sample156_shat	3770254	-0.5
chromosome_7	sample156_shat	3770356	0.0
chromosome_7	sample16_shat	2314427	-1.0
chromosome_7	sample16_shat	2318953	-0.5
chromosome_7	sample16_shat	2318972	0.0
chromosome_7	sample16_shat	11165813	0.0
chromosome_7	sample16_shat	11202787	0.5
chromosome_7	sample16_shat	11206419	1.0
chromosome_7	sample16_shat	122998517	1.0
chromosome_7	sample16_shat	122999066	0.5
chromosome_7	sample16_shat	122999117	0.0
chromosome_7	sample192_shat	25029076	1.0
chromosome_7	sample192_shat	25040877	0.5
chromosome_7	sample192_shat	25047648	0.0
chromosome_7	sample1_shat	1017550	0.0
chromosome_7	sample1_shat	1017572	-0.5
chromosome_7	sample1_shat	1017578	-1.0
chromosome_7	sample46_shat	1942672	1.0
chromosome_7	sample46_shat	1943812	0.5
chromosome_7	sample46_shat	1945255	0.0
chromosome_7	sample46_shat	27003129	0.0
chromosome_7	sample46_shat	27027614	-0.5
chromosome_7	sample46_shat	27029499	-1.0
chromosome_7	sample46_shat	124709905	-1.0
chromosome_7	sample46_shat	124853273	-0.5
chromosome_7	sample46_shat	124854050	0.0
chromosome_7	sample97_shat	1503941	0.0
chromosome_7	sample97_shat	1503961	0.5
chromosome_7	sample97_shat	1504923	1.0
chromosome_7	sample97_shat	2457783	1.0
chromosome_7	sample97_shat	2457969	0.5
chromosome_7	sample97_shat	2464061	0.0
chromosome_7	sampleMS10_shat	6014717	0.0
chromosome_7	sampleMS10_shat	6017731	-0.5
chromosome_7	sampleMS10_shat	6017823	-1.0
chromosome_7	sampleMS114_shat	128901997	1.0
chromosome_7	sampleMS114_shat	128945754	0.5
chromosome_7	sampleMS114_shat	128945788	0.0
chromosome_7	sampleMS14_shat	6667396	0.0
chromosome_7	sampleMS14_shat	6669893	-0.5
chromosome_7	sampleMS14_shat	6669918	-1.0
chromosome_7	sampleMS14_shat	54817051	-1.0
chromosome_7	sampleMS14_shat	54817515	-0.5
chromosome_7	sampleMS14_shat	54839855	0.0
chromosome_7	sampleMS14_shat	138146268	0.0
chromosome_7	sampleMS14_shat	138153132	-0.5
chromosome_7	sampleMS14_shat	138154180	-1.0
chromosome_7	sampleMS160_shat	14603399	1.0
chromosome_7	sampleMS160_shat	14636325	0.5
chromosome_7	sampleMS160_shat	14639538	0.0
chromosome_7	sampleMS160_shat	54152532	0.0
chromosome_7	sampleMS160_shat	54154364	-0.5
chromosome_7	sampleMS160_shat	54173325	-1.0
chromosome_7	sampleMS24_shat	1452360	0.0
chromosome_7	sampleMS24_shat	1453818	-0.5
chromosome_7	sampleMS24_shat	1453939	-1.0
chromosome_7	sampleMS263_shat	24297391	0.0
chromosome_7	sampleMS263_shat	24588599	0.5
chromosome_7	sampleMS263_shat	24588607	1.0
chromosome_7	sampleMS273_shat	46704746	0.0
chromosome_7	sampleMS273_shat	46710951	0.5
chromosome_7	sampleMS273_shat	46710952	1.0
chromosome_7	sampleMS274_shat	1655268	-1.0
chromosome_7	sampleMS274_shat	1655485	-0.5
chromosome_7	sampleMS274_shat	1655513	0.0
chromosome_7	sampleMS302_shat	1016336	0.0
chromosome_7	sampleMS302_shat	1016466	0.5
chromosome_7	sampleMS302_shat	1016483	1.0
chromosome_7	sampleMS3_shat	1379115	0.0
chromosome_7	sampleMS3_shat	1389431	0.5
chromosome_7	sampleMS3_shat	1389546	1.0
chromosome_7	sampleMS3_shat	137217597	1.0
chromosome_7	sampleMS3_shat	137662003	0.5
chromosome_7	sampleMS3_shat	137662008	0.0
chromosome_7	sample628_nonshat	3615739	0.0
chromosome_7	sample628_nonshat	3625033	0.5
chromosome_7	sample628_nonshat	3625035	1.0
chromosome_7	sample628_nonshat	127902085	1.0
chromosome_7	sample628_nonshat	127978538	0.5
chromosome_7	sample628_nonshat	127979158	0.0
chromosome_7	sample635_shat	7212888	0.0
chromosome_7	sample635_shat	7213033	0.5
chromosome_7	sample635_shat	7213330	1.0
chromosome_7	sampleMS248_nonshat	1945747	-1.0
chromosome_7	sampleMS248_nonshat	1946371	-0.5
chromosome_7	sampleMS248_nonshat	1946373	0.0
chromosome_7	sampleMS248_nonshat	11235900	0.0
chromosome_7	sampleMS248_nonshat	11240210	0.5
chromosome_7	sampleMS248_nonshat	11260009	1.0
chromosome_7	sampleMS268_nonshat	9033677	1.0
chromosome_7	sampleMS268_nonshat	9037294	0.5
chromosome_7	sampleMS268_nonshat	9037365	0.0
chromosome_7	sampleMS268_nonshat	101762059	0.0
chromosome_7	sampleMS268_nonshat	101775349	0.5
chromosome_7	sampleMS268_nonshat	102452300	1.0
chromosome_7	sampleMS305_nonshat	9752297	-1.0
chromosome_7	sampleMS305_nonshat	9764459	-0.5
chromosome_7	sampleMS305_nonshat	9764565	0.0
chromosome_7	sampleMS305_nonshat	118603890	0.0
chromosome_7	sampleMS305_nonshat	118798048	0.5
chromosome_7	sampleMS305_nonshat	120326117	1.0
chromosome_8	sample103_shat	123391674	1.0
chromosome_8	sample103_shat	123391862	0.5
chromosome_8	sample103_shat	123394971	0.0
chromosome_8	sample105_shat	106409301	1.0
chromosome_8	sample105_shat	106409339	0.5
chromosome_8	sample105_shat	106410245	0.0
chromosome_8	sample105_shat	125792419	0.0
chromosome_8	sample105_shat	125802436	-0.5
chromosome_8	sample105_shat	125803496	-1.0
chromosome_8	sample107_shat	112475475	0.0
chromosome_8	sample107_shat	112503761	0.5
chromosome_8	sample107_shat	112504210	1.0
chromosome_8	sample107_shat	132124713	1.0
chromosome_8	sample107_shat	132159524	0.5
chromosome_8	sample107_shat	132165851	0.0
chromosome_8	sample115_shat	123775184	1.0
chromosome_8	sample115_shat	123787017	0.5
chromosome_8	sample115_shat	123787386	0.0
chromosome_8	sample115_shat	126811820	0.0
chromosome_8	sample115_shat	126817569	-0.5
chromosome_8	sample115_shat	126850236	-1.0
chromosome_8	sample124_shat	17930029	1.0
chromosome_8	sample124_shat	17932988	0.5
chromosome_8	sample124_shat	17933956	0.0
chromosome_8	sample124_shat	120351691	0.0
chromosome_8	sample124_shat	120377482	-0.5
chromosome_8	sample124_shat	120390549	-1.0
chromosome_8	sample126_shat	96725664	-1.0
chromosome_8	sample126_shat	96725795	-0.5
chromosome_8	sample126_shat	96732701	0.0
chromosome_8	sample126_shat	132375121	0.0
chromosome_8	sample126_shat	132384257	-0.5
chromosome_8	sample126_shat	132384498	-1.0
chromosome_8	sample127_shat	116272521	0.0
chromosome_8	sample127_shat	116272666	-0.5
chromosome_8	sample127_shat	116272726	-1.0
chromosome_8	sample127_shat	128453593	-1.0
chromosome_8	sample127_shat	128460605	-0.5
chromosome_8	sample127_shat	128464292	0.0
chromosome_8	sample131_shat	125159889	0.0
chromosome_8	sample131_shat	125162801	0.5
chromosome_8	sample131_shat	125166509	1.0
chromosome_8	sample131_shat	132328549	1.0
chromosome_8	sample131_shat	132329233	0.5
chromosome_8	sample131_shat	132329241	0.0
chromosome_8	sample156_shat	129948577	-1.0
chromosome_8	sample156_shat	129952848	-0.5
chromosome_8	sample156_shat	129957680	0.0
chromosome_8	sample16_shat	99398582	0.0
chromosome_8	sample16_shat	99398832	0.5
chromosome_8	sample16_shat	99398885	1.0
chromosome_8	sample192_shat	4840201	0.0
chromosome_8	sample192_shat	4967500	0.5
chromosome_8	sample192_shat	4967503	1.0
chromosome_8	sample192_shat	5567700	1.0
chromosome_8	sample192_shat	5568367	0.5
chromosome_8	sample192_shat	5570912	0.0
chromosome_8	sample192_shat	9526748	0.0
chromosome_8	sample192_shat	9690039	0.5
chromosome_8	sample192_shat	9690048	1.0
chromosome_8	sample197_shat	34431245	1.0
chromosome_8	sample197_shat	34436890	0.5
chromosome_8	sample197_shat	34571668	0.0
chromosome_8	sample197_shat	111203444	0.0
chromosome_8	sample197_shat	111206655	0.5
chromosome_8	sample197_shat	111206796	1.0
chromosome_8	sample1_shat	127418692	-1.0
chromosome_8	sample1_shat	127432633	-0.5
chromosome_8	sample1_shat	127434434	0.0
chromosome_8	sample1_shat	131729569	0.0
chromosome_8	sample1_shat	131745398	0.5
chromosome_8	sample1_shat	131746152	1.0
chromosome_8	sample46_shat	4840102	1.0
chromosome_8	sample46_shat	4840201	0.5
chromosome_8	sample46_shat	4967500	0.0
chromosome_8	sample46_shat	6739385	0.0
chromosome_8	sample46_shat	6753737	0.5
chromosome_8	sample46_shat	6753739	1.0
chromosome_8	sample46_shat	9526748	1.0
chromosome_8	sample46_shat	9690039	0.5
chromosome_8	sample46_shat	9690048	0.0
chromosome_8	sample97_shat	93510745	0.0
chromosome_8	sample97_shat	93511821	-0.5
chromosome_8	sample97_shat	93512437	-1.0
chromosome_8	sample97_shat	125764870	-1.0
chromosome_8	sample97_shat	125776515	-0.5
chromosome_8	sample97_shat	125789286	0.0
chromosome_8	sample97_shat	132096191	0.0
chromosome_8	sample97_shat	132102884	0.5
chromosome_8	sample97_shat	132103054	1.0
chromosome_8	sampleMS10_shat	121070236	0.0
chromosome_8	sampleMS10_shat	121070390	-0.5
chromosome_8	sampleMS10_shat	121070440	-1.0
chromosome_8	sampleMS114_shat	37627512	1.0
chromosome_8	sampleMS114_shat	37628221	0.5
chromosome_8	sampleMS114_shat	37628312	0.0
chromosome_8	sampleMS114_shat	129666052	0.0
chromosome_8	sampleMS114_shat	129704673	0.5
chromosome_8	sampleMS114_shat	129707043	1.0
chromosome_8	sampleMS143_shat	131948501	1.0
chromosome_8	sampleMS143_shat	131948588	0.5
chromosome_8	sampleMS143_shat	131949210	0.0
chromosome_8	sampleMS14_shat	15902426	1.0
chromosome_8	sampleMS14_shat	15955785	0.5
chromosome_8	sampleMS14_shat	15955817	0.0
chromosome_8	sampleMS160_shat	124920711	0.0
chromosome_8	sampleMS160_shat	124932889	-0.5
chromosome_8	sampleMS160_shat	124937513	-1.0
chromosome_8	sampleMS172_shat	119297461	0.0
chromosome_8	sampleMS172_shat	119314974	-0.5
chromosome_8	sampleMS172_shat	119316266	-1.0
chromosome_8	sampleMS263_shat	127358347	0.0
chromosome_8	sampleMS263_shat	127369166	-0.5
chromosome_8	sampleMS263_shat	127369453	-1.0
chromosome_8	sampleMS263_shat	130734809	-1.0
chromosome_8	sampleMS263_shat	130739316	-0.5
chromosome_8	sampleMS263_shat	130739393	0.0
chromosome_8	sampleMS273_shat	111721190	-1.0
chromosome_8	sampleMS273_shat	111725201	-0.5
chromosome_8	sampleMS273_shat	111725353	0.0
chromosome_8	sampleMS273_shat	120842765	0.0
chromosome_8	sampleMS273_shat	120847354	0.5
chromosome_8	sampleMS273_shat	120847360	1.0
chromosome_8	sampleMS274_shat	124662442	0.0
chromosome_8	sampleMS274_shat	124682403	-0.5
chromosome_8	sampleMS274_shat	124683026	-1.0
chromosome_8	sampleMS302_shat	99013503	0.0
chromosome_8	sampleMS302_shat	99023839	-0.5
chromosome_8	sampleMS302_shat	99025730	-1.0
chromosome_8	sampleMS3_shat	4840201	-1.0
chromosome_8	sampleMS3_shat	4967500	-0.5
chromosome_8	sampleMS3_shat	4967503	0.0
chromosome_8	sampleMS3_shat	9285909	0.0
chromosome_8	sampleMS3_shat	9343635	-0.5
chromosome_8	sampleMS3_shat	9344506	-1.0
chromosome_8	sampleMS3_shat	9526748	-1.0
chromosome_8	sampleMS3_shat	9690039	-0.5
chromosome_8	sampleMS3_shat	9690048	0.0
chromosome_8	sampleMS3_shat	132476875	0.0
chromosome_8	sampleMS3_shat	132489303	0.5
chromosome_8	sampleMS3_shat	132492122	1.0
chromosome_8	sample628_nonshat	131438827	0.0
chromosome_8	sample628_nonshat	131457129	-0.5
chromosome_8	sample628_nonshat	131458472	-1.0
chromosome_8	sample635_shat	128397170	0.0
chromosome_8	sample635_shat	128397187	-0.5
chromosome_8	sample635_shat	128397197	-0.5
chromosome_8	sample635_shat	128397204	0.0
chromosome_8	sample635_shat	131190315	0.0
chromosome_8	sample635_shat	131190675	-0.5
chromosome_8	sample635_shat	131191508	-1.0
chromosome_8	sample635_shat	131246735	-1.0
chromosome_8	sample635_shat	131271030	-0.5
chromosome_8	sample635_shat	131275792	0.0
chromosome_8	sampleMS248_nonshat	15854663	0.0
chromosome_8	sampleMS248_nonshat	15855172	0.5
chromosome_8	sampleMS248_nonshat	15855201	1.0
chromosome_8	sampleMS268_nonshat	127343846	0.0
chromosome_8	sampleMS268_nonshat	127351070	0.5
chromosome_8	sampleMS268_nonshat	127353705	1.0
chromosome_8	sampleMS305_nonshat	126049282	-1.0
chromosome_8	sampleMS305_nonshat	126058022	-0.5
chromosome_8	sampleMS305_nonshat	126061560	0.0
